log_file_path,lr,bs,ti,loss,smooth loss,h,ffnh,numh,numl,D,N,D/N,M,exp_name
/data/group-xiangyu/pretrain-playground/tensorboard_logs/llm-family-1b/D_N_93_resume_20b/step2v2_0603_lr_bs_1b_dense_exp_d80b_lr3.450E-04_bs256_mlr3.450E-05_resume_d20b/train_log_31.txt,0.000345,256,190734,2.090484,2.095876704101669,2048,8192,16,16,100000000000,1073741824,93.13225746154784,7247757312,step2v2_0603_lr_bs_1b_dense_exp_d80b_lr3.450E-04_bs256_mlr3.450E-05_resume_d20b
/data/group-xiangyu/pretrain-playground/tensorboard_logs/llm-family-1b/D_N_93_resume_20b/step2v2_0603_lr_bs_1b_dense_exp_d80b_lr2.762E-03_bs512_mlr2.762E-04_resume_d20b/train_log_31.txt,0.002762,512,95367,2.07349,2.0828982602303032,2048,8192,16,16,100000000000,1073741824,93.13225746154784,7247757312,step2v2_0603_lr_bs_1b_dense_exp_d80b_lr2.762E-03_bs512_mlr2.762E-04_resume_d20b
/data/group-xiangyu/pretrain-playground/tensorboard_logs/llm-family-1b/D_N_93_resume_20b/step2v2_0603_lr_bs_1b_dense_exp_d80b_lr1.953E-03_bs64_mlr1.953E-04_resume_d20b/train_log_31.txt,0.001953,64,762939,2.160204,2.154818750681907,2048,8192,16,16,100000000000,1073741824,93.13225746154784,7247757312,step2v2_0603_lr_bs_1b_dense_exp_d80b_lr1.953E-03_bs64_mlr1.953E-04_resume_d20b
/data/group-xiangyu/pretrain-playground/tensorboard_logs/llm-family-1b/D_N_93_resume_20b/step2v2_0603_lr_bs_1b_dense_exp_d80b_lr4.880E-04_bs512_mlr4.880E-05_resume_d20b/train_log_31.txt,0.000488,512,95367,2.08753,2.0967308537785003,2048,8192,16,16,100000000000,1073741824,93.13225746154784,7247757312,step2v2_0603_lr_bs_1b_dense_exp_d80b_lr4.880E-04_bs512_mlr4.880E-05_resume_d20b
/data/group-xiangyu/pretrain-playground/tensorboard_logs/llm-family-1b/D_N_93_resume_20b/step2v2_0603_lr_bs_1b_dense_exp_d80b_lr2.440E-04_bs128_mlr2.440E-05_resume_d20b/train_log_31.txt,0.000244,128,381469,2.10657,2.101901359209601,2048,8192,16,16,100000000000,1073741824,93.13225746154784,7247757312,step2v2_0603_lr_bs_1b_dense_exp_d80b_lr2.440E-04_bs128_mlr2.440E-05_resume_d20b
/data/group-xiangyu/pretrain-playground/tensorboard_logs/llm-family-1b/D_N_93_resume_20b/step2v2_0603_lr_bs_1b_dense_exp_d80b_lr2.440E-04_bs512_mlr2.440E-05_resume_d20b/train_log_31.txt,0.000244,512,95367,2.109547,2.11880537750824,2048,8192,16,16,100000000000,1073741824,93.13225746154784,7247757312,step2v2_0603_lr_bs_1b_dense_exp_d80b_lr2.440E-04_bs512_mlr2.440E-05_resume_d20b
/data/group-xiangyu/pretrain-playground/tensorboard_logs/llm-family-1b/D_N_93_resume_20b/step2v2_0603_lr_bs_1b_dense_exp_d80b_lr9.770E-04_bs256_mlr9.770E-05_resume_d20b/train_log_31.txt,0.000977,256,190734,2.075332,2.0804004187236487,2048,8192,16,16,100000000000,1073741824,93.13225746154784,7247757312,step2v2_0603_lr_bs_1b_dense_exp_d80b_lr9.770E-04_bs256_mlr9.770E-05_resume_d20b
/data/group-xiangyu/pretrain-playground/tensorboard_logs/llm-family-1b/D_N_93_resume_20b/step2v2_0603_lr_bs_1b_dense_exp_d80b_lr1.220E-04_bs704_mlr1.220E-05_resume_d20b/train_log_31.txt,0.000122,704,69358,2.151135,2.1612299784340525,2048,8192,16,16,100000000000,1073741824,93.13225746154784,7247757312,step2v2_0603_lr_bs_1b_dense_exp_d80b_lr1.220E-04_bs704_mlr1.220E-05_resume_d20b
/data/group-xiangyu/pretrain-playground/tensorboard_logs/llm-family-1b/D_N_93_resume_20b/step2v2_0603_lr_bs_1b_dense_exp_d80b_lr1.730E-04_bs384_mlr1.730E-05_resume_d20b/train_log_31.txt,0.000173,384,127156,2.122568,2.1250936047859184,2048,8192,16,16,100000000000,1073741824,93.13225746154784,7247757312,step2v2_0603_lr_bs_1b_dense_exp_d80b_lr1.730E-04_bs384_mlr1.730E-05_resume_d20b
/data/group-xiangyu/pretrain-playground/tensorboard_logs/llm-family-1b/D_N_93_resume_20b/step2v2_0603_lr_bs_1b_dense_exp_d80b_lr6.910E-04_bs4096_mlr6.910E-05_resume_d20b/train_log_31.txt,0.000691,4096,11920,2.153453,2.151875299123489,2048,8192,16,16,100000000000,1073741824,93.13225746154784,7247757312,step2v2_0603_lr_bs_1b_dense_exp_d80b_lr6.910E-04_bs4096_mlr6.910E-05_resume_d20b
/data/group-xiangyu/pretrain-playground/tensorboard_logs/llm-family-1b/D_N_93_resume_20b/step2v2_0603_lr_bs_1b_dense_exp_d80b_lr5.524E-03_bs1472_mlr5.524E-04_resume_d20b/train_log_31.txt,0.005524,1472,33171,2.103625,2.1104367248975047,2048,8192,16,16,100000000000,1073741824,93.13225746154784,7247757312,step2v2_0603_lr_bs_1b_dense_exp_d80b_lr5.524E-03_bs1472_mlr5.524E-04_resume_d20b
/data/group-xiangyu/pretrain-playground/tensorboard_logs/llm-family-1b/D_N_93_resume_20b/step2v2_0603_lr_bs_1b_dense_exp_d80b_lr9.770E-04_bs1472_mlr9.770E-05_resume_d20b/train_log_31.txt,0.000977,1472,33171,2.096195,2.102587271181953,2048,8192,16,16,100000000000,1073741824,93.13225746154784,7247757312,step2v2_0603_lr_bs_1b_dense_exp_d80b_lr9.770E-04_bs1472_mlr9.770E-05_resume_d20b
/data/group-xiangyu/pretrain-playground/tensorboard_logs/llm-family-1b/D_N_93_resume_20b/step2v2_0603_lr_bs_1b_dense_exp_d80b_lr1.381E-03_bs2048_mlr1.381E-04_resume_d20b/train_log_31.txt,0.001381,2048,23841,2.109644,2.109711611609176,2048,8192,16,16,100000000000,1073741824,93.13225746154784,7247757312,step2v2_0603_lr_bs_1b_dense_exp_d80b_lr1.381E-03_bs2048_mlr1.381E-04_resume_d20b
/data/group-xiangyu/pretrain-playground/tensorboard_logs/llm-family-1b/D_N_93_resume_20b/step2v2_0603_lr_bs_1b_dense_exp_d80b_lr9.770E-04_bs704_mlr9.770E-05_resume_d20b/train_log_31.txt,0.000977,704,69358,2.073312,2.083309674493461,2048,8192,16,16,100000000000,1073741824,93.13225746154784,7247757312,step2v2_0603_lr_bs_1b_dense_exp_d80b_lr9.770E-04_bs704_mlr9.770E-05_resume_d20b
/data/group-xiangyu/pretrain-playground/tensorboard_logs/llm-family-1b/D_N_93_resume_20b/step2v2_0603_lr_bs_1b_dense_exp_d80b_lr2.762E-03_bs2048_mlr2.762E-04_resume_d20b/train_log_31.txt,0.002762,2048,23841,2.10551,2.105452916441574,2048,8192,16,16,100000000000,1073741824,93.13225746154784,7247757312,step2v2_0603_lr_bs_1b_dense_exp_d80b_lr2.762E-03_bs2048_mlr2.762E-04_resume_d20b
/data/group-xiangyu/pretrain-playground/tensorboard_logs/llm-family-1b/D_N_93_resume_20b/step2v2_0603_lr_bs_1b_dense_exp_d80b_lr1.730E-04_bs64_mlr1.730E-05_resume_d20b/train_log_31.txt,0.000173,64,762939,2.119786,2.1162106776620964,2048,8192,16,16,100000000000,1073741824,93.13225746154784,7247757312,step2v2_0603_lr_bs_1b_dense_exp_d80b_lr1.730E-04_bs64_mlr1.730E-05_resume_d20b
/data/group-xiangyu/pretrain-playground/tensorboard_logs/llm-family-1b/D_N_93_resume_20b/step2v2_0603_lr_bs_1b_dense_exp_d80b_lr1.730E-04_bs256_mlr1.730E-05_resume_d20b/train_log_31.txt,0.000173,256,190734,2.112914,2.1185918846440224,2048,8192,16,16,100000000000,1073741824,93.13225746154784,7247757312,step2v2_0603_lr_bs_1b_dense_exp_d80b_lr1.730E-04_bs256_mlr1.730E-05_resume_d20b
/data/group-xiangyu/pretrain-playground/tensorboard_logs/llm-family-1b/D_N_93_resume_20b/step2v2_0603_lr_bs_1b_dense_exp_d80b_lr4.880E-04_bs1472_mlr4.880E-05_resume_d20b/train_log_31.txt,0.000488,1472,33171,2.11041,2.1166737530498816,2048,8192,16,16,100000000000,1073741824,93.13225746154784,7247757312,step2v2_0603_lr_bs_1b_dense_exp_d80b_lr4.880E-04_bs1472_mlr4.880E-05_resume_d20b
/data/group-xiangyu/pretrain-playground/tensorboard_logs/llm-family-1b/D_N_93_resume_20b/step2v2_0603_lr_bs_1b_dense_exp_d80b_lr1.730E-04_bs2048_mlr1.730E-05_resume_d20b/train_log_31.txt,0.000173,2048,23841,2.18713,2.1871218093464924,2048,8192,16,16,100000000000,1073741824,93.13225746154784,7247757312,step2v2_0603_lr_bs_1b_dense_exp_d80b_lr1.730E-04_bs2048_mlr1.730E-05_resume_d20b
/data/group-xiangyu/pretrain-playground/tensorboard_logs/llm-family-1b/D_N_93_resume_20b/step2v2_0603_lr_bs_1b_dense_exp_d80b_lr4.880E-04_bs704_mlr4.880E-05_resume_d20b/train_log_31.txt,0.000488,704,69358,2.09106,2.100917368957488,2048,8192,16,16,100000000000,1073741824,93.13225746154784,7247757312,step2v2_0603_lr_bs_1b_dense_exp_d80b_lr4.880E-04_bs704_mlr4.880E-05_resume_d20b
/data/group-xiangyu/pretrain-playground/tensorboard_logs/llm-family-1b/D_N_93_resume_20b/step2v2_0603_lr_bs_1b_dense_exp_d80b_lr6.910E-04_bs704_mlr6.910E-05_resume_d20b/train_log_31.txt,0.000691,704,69358,2.080444,2.0903955550196134,2048,8192,16,16,100000000000,1073741824,93.13225746154784,7247757312,step2v2_0603_lr_bs_1b_dense_exp_d80b_lr6.910E-04_bs704_mlr6.910E-05_resume_d20b
/data/group-xiangyu/pretrain-playground/tensorboard_logs/llm-family-1b/D_N_93_resume_20b/step2v2_0603_lr_bs_1b_dense_exp_d80b_lr1.730E-04_bs4096_mlr1.730E-05_resume_d20b/train_log_31.txt,0.000173,4096,11920,2.248075,2.246327502445882,2048,8192,16,16,100000000000,1073741824,93.13225746154784,7247757312,step2v2_0603_lr_bs_1b_dense_exp_d80b_lr1.730E-04_bs4096_mlr1.730E-05_resume_d20b
/data/group-xiangyu/pretrain-playground/tensorboard_logs/llm-family-1b/D_N_93_resume_20b/step2v2_0603_lr_bs_1b_dense_exp_d80b_lr3.906E-03_bs2048_mlr3.906E-04_resume_d20b/train_log_31.txt,0.003906,2048,23841,2.105917,2.1060357115150445,2048,8192,16,16,100000000000,1073741824,93.13225746154784,7247757312,step2v2_0603_lr_bs_1b_dense_exp_d80b_lr3.906E-03_bs2048_mlr3.906E-04_resume_d20b
/data/group-xiangyu/pretrain-playground/tensorboard_logs/llm-family-1b/D_N_93_resume_20b/step2v2_0603_lr_bs_1b_dense_exp_d80b_lr3.906E-03_bs256_mlr3.906E-04_resume_d20b/train_log_31.txt,0.003906,256,190734,2.102457,2.1085831362922,2048,8192,16,16,100000000000,1073741824,93.13225746154784,7247757312,step2v2_0603_lr_bs_1b_dense_exp_d80b_lr3.906E-03_bs256_mlr3.906E-04_resume_d20b
/data/group-xiangyu/pretrain-playground/tensorboard_logs/llm-family-1b/D_N_93_resume_20b/step2v2_0603_lr_bs_1b_dense_exp_d80b_lr4.880E-04_bs2048_mlr4.880E-05_resume_d20b/train_log_31.txt,0.000488,2048,23841,2.128498,2.128467670928956,2048,8192,16,16,100000000000,1073741824,93.13225746154784,7247757312,step2v2_0603_lr_bs_1b_dense_exp_d80b_lr4.880E-04_bs2048_mlr4.880E-05_resume_d20b
/data/group-xiangyu/pretrain-playground/tensorboard_logs/llm-family-1b/D_N_93_resume_20b/step2v2_0603_lr_bs_1b_dense_exp_d80b_lr1.381E-03_bs4096_mlr1.381E-04_resume_d20b/train_log_31.txt,0.001381,4096,11920,2.143683,2.1420915346362954,2048,8192,16,16,100000000000,1073741824,93.13225746154784,7247757312,step2v2_0603_lr_bs_1b_dense_exp_d80b_lr1.381E-03_bs4096_mlr1.381E-04_resume_d20b
/data/group-xiangyu/pretrain-playground/tensorboard_logs/llm-family-1b/D_N_93_resume_20b/step2v2_0603_lr_bs_1b_dense_exp_d80b_lr9.770E-04_bs128_mlr9.770E-05_resume_d20b/train_log_31.txt,0.000977,128,381469,2.098029,2.092461932552637,2048,8192,16,16,100000000000,1073741824,93.13225746154784,7247757312,step2v2_0603_lr_bs_1b_dense_exp_d80b_lr9.770E-04_bs128_mlr9.770E-05_resume_d20b
/data/group-xiangyu/pretrain-playground/tensorboard_logs/llm-family-1b/D_N_93_resume_20b/step2v2_0603_lr_bs_1b_dense_exp_d80b_lr2.762E-03_bs1472_mlr2.762E-04_resume_d20b/train_log_31.txt,0.002762,1472,33171,2.088564,2.094959063498583,2048,8192,16,16,100000000000,1073741824,93.13225746154784,7247757312,step2v2_0603_lr_bs_1b_dense_exp_d80b_lr2.762E-03_bs1472_mlr2.762E-04_resume_d20b
/data/group-xiangyu/pretrain-playground/tensorboard_logs/llm-family-1b/D_N_93_resume_20b/step2v2_0603_lr_bs_1b_dense_exp_d80b_lr5.524E-03_bs384_mlr5.524E-04_resume_d20b/train_log_31.txt,0.005524,384,127156,2.116491,2.1194611918632944,2048,8192,16,16,100000000000,1073741824,93.13225746154784,7247757312,step2v2_0603_lr_bs_1b_dense_exp_d80b_lr5.524E-03_bs384_mlr5.524E-04_resume_d20b
/data/group-xiangyu/pretrain-playground/tensorboard_logs/llm-family-1b/D_N_93_resume_20b/step2v2_0603_lr_bs_1b_dense_exp_d80b_lr1.381E-03_bs128_mlr1.381E-04_resume_d20b/train_log_31.txt,0.001381,128,381469,2.105011,2.100125605531321,2048,8192,16,16,100000000000,1073741824,93.13225746154784,7247757312,step2v2_0603_lr_bs_1b_dense_exp_d80b_lr1.381E-03_bs128_mlr1.381E-04_resume_d20b
/data/group-xiangyu/pretrain-playground/tensorboard_logs/llm-family-1b/D_N_93_resume_20b/step2v2_0603_lr_bs_1b_dense_exp_d80b_lr5.524E-03_bs128_mlr5.524E-04_resume_d20b/train_log_31.txt,0.005524,128,381469,2.175315,2.1716043147681834,2048,8192,16,16,100000000000,1073741824,93.13225746154784,7247757312,step2v2_0603_lr_bs_1b_dense_exp_d80b_lr5.524E-03_bs128_mlr5.524E-04_resume_d20b
/data/group-xiangyu/pretrain-playground/tensorboard_logs/llm-family-1b/D_N_93_resume_20b/step2v2_0603_lr_bs_1b_dense_exp_d80b_lr2.440E-04_bs384_mlr2.440E-05_resume_d20b/train_log_31.txt,0.000244,384,127156,2.10993,2.1122135545981378,2048,8192,16,16,100000000000,1073741824,93.13225746154784,7247757312,step2v2_0603_lr_bs_1b_dense_exp_d80b_lr2.440E-04_bs384_mlr2.440E-05_resume_d20b
/data/group-xiangyu/pretrain-playground/tensorboard_logs/llm-family-1b/D_N_93_resume_20b/step2v2_0603_lr_bs_1b_dense_exp_d80b_lr2.762E-03_bs384_mlr2.762E-04_resume_d20b/train_log_31.txt,0.002762,384,127156,2.081565,2.083518525372107,2048,8192,16,16,100000000000,1073741824,93.13225746154784,7247757312,step2v2_0603_lr_bs_1b_dense_exp_d80b_lr2.762E-03_bs384_mlr2.762E-04_resume_d20b
/data/group-xiangyu/pretrain-playground/tensorboard_logs/llm-family-1b/D_N_93_resume_20b/step2v2_0603_lr_bs_1b_dense_exp_d80b_lr3.450E-04_bs1024_mlr3.450E-05_resume_d20b/train_log_31.txt,0.000345,1024,47683,2.11512,2.1199565863121483,2048,8192,16,16,100000000000,1073741824,93.13225746154784,7247757312,step2v2_0603_lr_bs_1b_dense_exp_d80b_lr3.450E-04_bs1024_mlr3.450E-05_resume_d20b
/data/group-xiangyu/pretrain-playground/tensorboard_logs/llm-family-1b/D_N_93_resume_20b/step2v2_0603_lr_bs_1b_dense_exp_d80b_lr2.440E-04_bs4096_mlr2.440E-05_resume_d20b/train_log_31.txt,0.000244,4096,11920,2.210876,2.2092203490330387,2048,8192,16,16,100000000000,1073741824,93.13225746154784,7247757312,step2v2_0603_lr_bs_1b_dense_exp_d80b_lr2.440E-04_bs4096_mlr2.440E-05_resume_d20b
/data/group-xiangyu/pretrain-playground/tensorboard_logs/llm-family-1b/D_N_93_resume_20b/step2v2_0603_lr_bs_1b_dense_exp_d80b_lr4.880E-04_bs256_mlr4.880E-05_resume_d20b/train_log_31.txt,0.000488,256,190734,2.083986,2.09001058832466,2048,8192,16,16,100000000000,1073741824,93.13225746154784,7247757312,step2v2_0603_lr_bs_1b_dense_exp_d80b_lr4.880E-04_bs256_mlr4.880E-05_resume_d20b
/data/group-xiangyu/pretrain-playground/tensorboard_logs/llm-family-1b/D_N_93_resume_20b/step2v2_0603_lr_bs_1b_dense_exp_d80b_lr1.953E-03_bs4096_mlr1.953E-04_resume_d20b/train_log_31.txt,0.001953,4096,11920,2.141467,2.1398945033266266,2048,8192,16,16,100000000000,1073741824,93.13225746154784,7247757312,step2v2_0603_lr_bs_1b_dense_exp_d80b_lr1.953E-03_bs4096_mlr1.953E-04_resume_d20b
/data/group-xiangyu/pretrain-playground/tensorboard_logs/llm-family-1b/D_N_93_resume_20b/step2v2_0603_lr_bs_1b_dense_exp_d80b_lr5.524E-03_bs2048_mlr5.524E-04_resume_d20b/train_log_31.txt,0.005524,2048,23841,6.783041,6.783779223710965,2048,8192,16,16,100000000000,1073741824,93.13225746154784,7247757312,step2v2_0603_lr_bs_1b_dense_exp_d80b_lr5.524E-03_bs2048_mlr5.524E-04_resume_d20b
/data/group-xiangyu/pretrain-playground/tensorboard_logs/llm-family-1b/D_N_93_resume_20b/step2v2_0603_lr_bs_1b_dense_exp_d80b_lr2.440E-04_bs1472_mlr2.440E-05_resume_d20b/train_log_31.txt,0.000244,1472,33171,2.139309,2.1458579840250827,2048,8192,16,16,100000000000,1073741824,93.13225746154784,7247757312,step2v2_0603_lr_bs_1b_dense_exp_d80b_lr2.440E-04_bs1472_mlr2.440E-05_resume_d20b
/data/group-xiangyu/pretrain-playground/tensorboard_logs/llm-family-1b/D_N_93_resume_20b/step2v2_0603_lr_bs_1b_dense_exp_d80b_lr3.906E-03_bs1472_mlr3.906E-04_resume_d20b/train_log_31.txt,0.003906,1472,33171,2.088614,2.095178817476861,2048,8192,16,16,100000000000,1073741824,93.13225746154784,7247757312,step2v2_0603_lr_bs_1b_dense_exp_d80b_lr3.906E-03_bs1472_mlr3.906E-04_resume_d20b
/data/group-xiangyu/pretrain-playground/tensorboard_logs/llm-family-1b/D_N_93_resume_20b/step2v2_0603_lr_bs_1b_dense_exp_d80b_lr3.906E-03_bs64_mlr3.906E-04_resume_d20b/train_log_31.txt,0.003906,64,762939,2.227774,2.223695509218216,2048,8192,16,16,100000000000,1073741824,93.13225746154784,7247757312,step2v2_0603_lr_bs_1b_dense_exp_d80b_lr3.906E-03_bs64_mlr3.906E-04_resume_d20b
/data/group-xiangyu/pretrain-playground/tensorboard_logs/llm-family-1b/D_N_93_resume_20b/step2v2_0603_lr_bs_1b_dense_exp_d80b_lr1.730E-04_bs128_mlr1.730E-05_resume_d20b/train_log_31.txt,0.000173,128,381469,2.117618,2.1122978056836907,2048,8192,16,16,100000000000,1073741824,93.13225746154784,7247757312,step2v2_0603_lr_bs_1b_dense_exp_d80b_lr1.730E-04_bs128_mlr1.730E-05_resume_d20b
/data/group-xiangyu/pretrain-playground/tensorboard_logs/llm-family-1b/D_N_93_resume_20b/step2v2_0603_lr_bs_1b_dense_exp_d80b_lr9.770E-04_bs64_mlr9.770E-05_resume_d20b/train_log_31.txt,0.000977,64,762939,2.128167,2.1233906161691203,2048,8192,16,16,100000000000,1073741824,93.13225746154784,7247757312,step2v2_0603_lr_bs_1b_dense_exp_d80b_lr9.770E-04_bs64_mlr9.770E-05_resume_d20b
/data/group-xiangyu/pretrain-playground/tensorboard_logs/llm-family-1b/D_N_93_resume_20b/step2v2_0603_lr_bs_1b_dense_exp_d80b_lr3.906E-03_bs128_mlr3.906E-04_resume_d20b/train_log_31.txt,0.003906,128,381469,2.144464,2.139927072912137,2048,8192,16,16,100000000000,1073741824,93.13225746154784,7247757312,step2v2_0603_lr_bs_1b_dense_exp_d80b_lr3.906E-03_bs128_mlr3.906E-04_resume_d20b
/data/group-xiangyu/pretrain-playground/tensorboard_logs/llm-family-1b/D_N_93_resume_20b/step2v2_0603_lr_bs_1b_dense_exp_d80b_lr1.220E-04_bs128_mlr1.220E-05_resume_d20b/train_log_31.txt,0.000122,128,381469,2.130727,2.126132268135497,2048,8192,16,16,100000000000,1073741824,93.13225746154784,7247757312,step2v2_0603_lr_bs_1b_dense_exp_d80b_lr1.220E-04_bs128_mlr1.220E-05_resume_d20b
/data/group-xiangyu/pretrain-playground/tensorboard_logs/llm-family-1b/D_N_93_resume_20b/step2v2_0603_lr_bs_1b_dense_exp_d80b_lr4.880E-04_bs4096_mlr4.880E-05_resume_d20b/train_log_31.txt,0.000488,4096,11920,2.166296,2.164667531951436,2048,8192,16,16,100000000000,1073741824,93.13225746154784,7247757312,step2v2_0603_lr_bs_1b_dense_exp_d80b_lr4.880E-04_bs4096_mlr4.880E-05_resume_d20b
/data/group-xiangyu/pretrain-playground/tensorboard_logs/llm-family-1b/D_N_93_resume_20b/step2v2_0603_lr_bs_1b_dense_exp_d80b_lr1.220E-04_bs512_mlr1.220E-05_resume_d20b/train_log_31.txt,0.000122,512,95367,2.14092,2.1503346177244924,2048,8192,16,16,100000000000,1073741824,93.13225746154784,7247757312,step2v2_0603_lr_bs_1b_dense_exp_d80b_lr1.220E-04_bs512_mlr1.220E-05_resume_d20b
/data/group-xiangyu/pretrain-playground/tensorboard_logs/llm-family-1b/D_N_93_resume_20b/step2v2_0603_lr_bs_1b_dense_exp_d80b_lr1.220E-04_bs1024_mlr1.220E-05_resume_d20b/train_log_31.txt,0.000122,1024,47683,2.173389,2.178345165844669,2048,8192,16,16,100000000000,1073741824,93.13225746154784,7247757312,step2v2_0603_lr_bs_1b_dense_exp_d80b_lr1.220E-04_bs1024_mlr1.220E-05_resume_d20b
/data/group-xiangyu/pretrain-playground/tensorboard_logs/llm-family-1b/D_N_93_resume_20b/step2v2_0603_lr_bs_1b_dense_exp_d80b_lr9.770E-04_bs4096_mlr9.770E-05_resume_d20b/train_log_31.txt,0.000977,4096,11920,2.138848,2.13724398874041,2048,8192,16,16,100000000000,1073741824,93.13225746154784,7247757312,step2v2_0603_lr_bs_1b_dense_exp_d80b_lr9.770E-04_bs4096_mlr9.770E-05_resume_d20b
/data/group-xiangyu/pretrain-playground/tensorboard_logs/llm-family-1b/D_N_93_resume_20b/step2v2_0603_lr_bs_1b_dense_exp_d80b_lr1.381E-03_bs512_mlr1.381E-04_resume_d20b/train_log_31.txt,0.001381,512,95367,2.067122,2.076194533327832,2048,8192,16,16,100000000000,1073741824,93.13225746154784,7247757312,step2v2_0603_lr_bs_1b_dense_exp_d80b_lr1.381E-03_bs512_mlr1.381E-04_resume_d20b
/data/group-xiangyu/pretrain-playground/tensorboard_logs/llm-family-1b/D_N_93_resume_20b/step2v2_0603_lr_bs_1b_dense_exp_d80b_lr2.440E-04_bs256_mlr2.440E-05_resume_d20b/train_log_31.txt,0.000244,256,190734,2.100207,2.105713816847771,2048,8192,16,16,100000000000,1073741824,93.13225746154784,7247757312,step2v2_0603_lr_bs_1b_dense_exp_d80b_lr2.440E-04_bs256_mlr2.440E-05_resume_d20b
/data/group-xiangyu/pretrain-playground/tensorboard_logs/llm-family-1b/D_N_93_resume_20b/step2v2_0603_lr_bs_1b_dense_exp_d80b_lr1.381E-03_bs256_mlr1.381E-04_resume_d20b/train_log_31.txt,0.001381,256,190734,2.075058,2.0802123351330635,2048,8192,16,16,100000000000,1073741824,93.13225746154784,7247757312,step2v2_0603_lr_bs_1b_dense_exp_d80b_lr1.381E-03_bs256_mlr1.381E-04_resume_d20b
/data/group-xiangyu/pretrain-playground/tensorboard_logs/llm-family-1b/D_N_93_resume_20b/step2v2_0603_lr_bs_1b_dense_exp_d80b_lr2.762E-03_bs1024_mlr2.762E-04_resume_d20b/train_log_31.txt,0.002762,1024,47683,2.083235,2.0878243361278472,2048,8192,16,16,100000000000,1073741824,93.13225746154784,7247757312,step2v2_0603_lr_bs_1b_dense_exp_d80b_lr2.762E-03_bs1024_mlr2.762E-04_resume_d20b
/data/group-xiangyu/pretrain-playground/tensorboard_logs/llm-family-1b/D_N_93_resume_20b/step2v2_0603_lr_bs_1b_dense_exp_d80b_lr6.910E-04_bs1472_mlr6.910E-05_resume_d20b/train_log_31.txt,0.000691,1472,33171,2.101887,2.108203377026537,2048,8192,16,16,100000000000,1073741824,93.13225746154784,7247757312,step2v2_0603_lr_bs_1b_dense_exp_d80b_lr6.910E-04_bs1472_mlr6.910E-05_resume_d20b
/data/group-xiangyu/pretrain-playground/tensorboard_logs/llm-family-1b/D_N_93_resume_20b/step2v2_0603_lr_bs_1b_dense_exp_d80b_lr1.730E-04_bs1472_mlr1.730E-05_resume_d20b/train_log_31.txt,0.000173,1472,33171,2.161553,2.1683859512925,2048,8192,16,16,100000000000,1073741824,93.13225746154784,7247757312,step2v2_0603_lr_bs_1b_dense_exp_d80b_lr1.730E-04_bs1472_mlr1.730E-05_resume_d20b
/data/group-xiangyu/pretrain-playground/tensorboard_logs/llm-family-1b/D_N_93_resume_20b/step2v2_0603_lr_bs_1b_dense_exp_d80b_lr2.762E-03_bs64_mlr2.762E-04_resume_d20b/train_log_31.txt,0.002762,64,762939,2.1781,2.173448343545263,2048,8192,16,16,100000000000,1073741824,93.13225746154784,7247757312,step2v2_0603_lr_bs_1b_dense_exp_d80b_lr2.762E-03_bs64_mlr2.762E-04_resume_d20b
/data/group-xiangyu/pretrain-playground/tensorboard_logs/llm-family-1b/D_N_93_resume_20b/step2v2_0603_lr_bs_1b_dense_exp_d80b_lr3.906E-03_bs4096_mlr3.906E-04_resume_d20b/train_log_31.txt,0.003906,4096,11920,2.14631,2.1446990331596103,2048,8192,16,16,100000000000,1073741824,93.13225746154784,7247757312,step2v2_0603_lr_bs_1b_dense_exp_d80b_lr3.906E-03_bs4096_mlr3.906E-04_resume_d20b
/data/group-xiangyu/pretrain-playground/tensorboard_logs/llm-family-1b/D_N_93_resume_20b/step2v2_0603_lr_bs_1b_dense_exp_d80b_lr1.220E-04_bs384_mlr1.220E-05_resume_d20b/train_log_31.txt,0.000122,384,127156,2.139522,2.142338537954738,2048,8192,16,16,100000000000,1073741824,93.13225746154784,7247757312,step2v2_0603_lr_bs_1b_dense_exp_d80b_lr1.220E-04_bs384_mlr1.220E-05_resume_d20b
/data/group-xiangyu/pretrain-playground/tensorboard_logs/llm-family-1b/D_N_93_resume_20b/step2v2_0603_lr_bs_1b_dense_exp_d80b_lr2.762E-03_bs704_mlr2.762E-04_resume_d20b/train_log_31.txt,0.002762,704,69358,2.071009,2.0809148227633463,2048,8192,16,16,100000000000,1073741824,93.13225746154784,7247757312,step2v2_0603_lr_bs_1b_dense_exp_d80b_lr2.762E-03_bs704_mlr2.762E-04_resume_d20b
/data/group-xiangyu/pretrain-playground/tensorboard_logs/llm-family-1b/D_N_93_resume_20b/step2v2_0603_lr_bs_1b_dense_exp_d80b_lr9.770E-04_bs512_mlr9.770E-05_resume_d20b/train_log_31.txt,0.000977,512,95367,2.072885,2.082339567262514,2048,8192,16,16,100000000000,1073741824,93.13225746154784,7247757312,step2v2_0603_lr_bs_1b_dense_exp_d80b_lr9.770E-04_bs512_mlr9.770E-05_resume_d20b
/data/group-xiangyu/pretrain-playground/tensorboard_logs/llm-family-1b/D_N_93_resume_20b/step2v2_0603_lr_bs_1b_dense_exp_d80b_lr6.910E-04_bs2048_mlr6.910E-05_resume_d20b/train_log_31.txt,0.000691,2048,23841,2.118154,2.1181097716252424,2048,8192,16,16,100000000000,1073741824,93.13225746154784,7247757312,step2v2_0603_lr_bs_1b_dense_exp_d80b_lr6.910E-04_bs2048_mlr6.910E-05_resume_d20b
/data/group-xiangyu/pretrain-playground/tensorboard_logs/llm-family-1b/D_N_93_resume_20b/step2v2_0603_lr_bs_1b_dense_exp_d80b_lr3.450E-04_bs384_mlr3.450E-05_resume_d20b/train_log_31.txt,0.000345,384,127156,2.099407,2.101863018142105,2048,8192,16,16,100000000000,1073741824,93.13225746154784,7247757312,step2v2_0603_lr_bs_1b_dense_exp_d80b_lr3.450E-04_bs384_mlr3.450E-05_resume_d20b
/data/group-xiangyu/pretrain-playground/tensorboard_logs/llm-family-1b/D_N_93_resume_20b/step2v2_0603_lr_bs_1b_dense_exp_d80b_lr3.450E-04_bs512_mlr3.450E-05_resume_d20b/train_log_31.txt,0.000345,512,95367,2.096799,2.105926947619696,2048,8192,16,16,100000000000,1073741824,93.13225746154784,7247757312,step2v2_0603_lr_bs_1b_dense_exp_d80b_lr3.450E-04_bs512_mlr3.450E-05_resume_d20b
/data/group-xiangyu/pretrain-playground/tensorboard_logs/llm-family-1b/D_N_93_resume_20b/step2v2_0603_lr_bs_1b_dense_exp_d80b_lr1.730E-04_bs512_mlr1.730E-05_resume_d20b/train_log_31.txt,0.000173,512,95367,2.122181,2.131694184143452,2048,8192,16,16,100000000000,1073741824,93.13225746154784,7247757312,step2v2_0603_lr_bs_1b_dense_exp_d80b_lr1.730E-04_bs512_mlr1.730E-05_resume_d20b
/data/group-xiangyu/pretrain-playground/tensorboard_logs/llm-family-1b/D_N_93_resume_20b/step2v2_0603_lr_bs_1b_dense_exp_d80b_lr3.450E-04_bs704_mlr3.450E-05_resume_d20b/train_log_31.txt,0.000345,704,69358,2.101796,2.1118220236713343,2048,8192,16,16,100000000000,1073741824,93.13225746154784,7247757312,step2v2_0603_lr_bs_1b_dense_exp_d80b_lr3.450E-04_bs704_mlr3.450E-05_resume_d20b
/data/group-xiangyu/pretrain-playground/tensorboard_logs/llm-family-1b/D_N_93_resume_20b/step2v2_0603_lr_bs_1b_dense_exp_d80b_lr6.910E-04_bs128_mlr6.910E-05_resume_d20b/train_log_31.txt,0.000691,128,381469,2.095763,2.0900020657814458,2048,8192,16,16,100000000000,1073741824,93.13225746154784,7247757312,step2v2_0603_lr_bs_1b_dense_exp_d80b_lr6.910E-04_bs128_mlr6.910E-05_resume_d20b
/data/group-xiangyu/pretrain-playground/tensorboard_logs/llm-family-1b/D_N_93_resume_20b/step2v2_0603_lr_bs_1b_dense_exp_d80b_lr5.524E-03_bs4096_mlr5.524E-04_resume_d20b/train_log_31.txt,0.005524,4096,11920,2.188415,2.1867641669191107,2048,8192,16,16,100000000000,1073741824,93.13225746154784,7247757312,step2v2_0603_lr_bs_1b_dense_exp_d80b_lr5.524E-03_bs4096_mlr5.524E-04_resume_d20b
/data/group-xiangyu/pretrain-playground/tensorboard_logs/llm-family-1b/D_N_93_resume_20b/step2v2_0603_lr_bs_1b_dense_exp_d80b_lr1.730E-04_bs704_mlr1.730E-05_resume_d20b/train_log_31.txt,0.000173,704,69358,2.130383,2.1402697758322264,2048,8192,16,16,100000000000,1073741824,93.13225746154784,7247757312,step2v2_0603_lr_bs_1b_dense_exp_d80b_lr1.730E-04_bs704_mlr1.730E-05_resume_d20b
/data/group-xiangyu/pretrain-playground/tensorboard_logs/llm-family-1b/D_N_93_resume_20b/step2v2_0603_lr_bs_1b_dense_exp_d80b_lr5.524E-03_bs64_mlr5.524E-04_resume_d20b/train_log_31.txt,0.005524,64,762939,3.674995,3.681724421192999,2048,8192,16,16,100000000000,1073741824,93.13225746154784,7247757312,step2v2_0603_lr_bs_1b_dense_exp_d80b_lr5.524E-03_bs64_mlr5.524E-04_resume_d20b
/data/group-xiangyu/pretrain-playground/tensorboard_logs/llm-family-1b/D_N_93_resume_20b/step2v2_0603_lr_bs_1b_dense_exp_d80b_lr1.953E-03_bs2048_mlr1.953E-04_resume_d20b/train_log_31.txt,0.001953,2048,23841,2.11277,2.112595861889565,2048,8192,16,16,100000000000,1073741824,93.13225746154784,7247757312,step2v2_0603_lr_bs_1b_dense_exp_d80b_lr1.953E-03_bs2048_mlr1.953E-04_resume_d20b
/data/group-xiangyu/pretrain-playground/tensorboard_logs/llm-family-1b/D_N_93_resume_20b/step2v2_0603_lr_bs_1b_dense_exp_d80b_lr3.450E-04_bs64_mlr3.450E-05_resume_d20b/train_log_31.txt,0.000345,64,762939,2.113397,2.107527213305453,2048,8192,16,16,100000000000,1073741824,93.13225746154784,7247757312,step2v2_0603_lr_bs_1b_dense_exp_d80b_lr3.450E-04_bs64_mlr3.450E-05_resume_d20b
/data/group-xiangyu/pretrain-playground/tensorboard_logs/llm-family-1b/D_N_93_resume_20b/step2v2_0603_lr_bs_1b_dense_exp_d80b_lr3.450E-04_bs128_mlr3.450E-05_resume_d20b/train_log_31.txt,0.000345,128,381469,2.099972,2.094756304683467,2048,8192,16,16,100000000000,1073741824,93.13225746154784,7247757312,step2v2_0603_lr_bs_1b_dense_exp_d80b_lr3.450E-04_bs128_mlr3.450E-05_resume_d20b
/data/group-xiangyu/pretrain-playground/tensorboard_logs/llm-family-1b/D_N_93_resume_20b/step2v2_0603_lr_bs_1b_dense_exp_d80b_lr1.381E-03_bs384_mlr1.381E-04_resume_d20b/train_log_31.txt,0.001381,384,127156,2.076049,2.077745603482512,2048,8192,16,16,100000000000,1073741824,93.13225746154784,7247757312,step2v2_0603_lr_bs_1b_dense_exp_d80b_lr1.381E-03_bs384_mlr1.381E-04_resume_d20b
/data/group-xiangyu/pretrain-playground/tensorboard_logs/llm-family-1b/D_N_93_resume_20b/step2v2_0603_lr_bs_1b_dense_exp_d80b_lr9.770E-04_bs384_mlr9.770E-05_resume_d20b/train_log_31.txt,0.000977,384,127156,2.079223,2.0813076556016785,2048,8192,16,16,100000000000,1073741824,93.13225746154784,7247757312,step2v2_0603_lr_bs_1b_dense_exp_d80b_lr9.770E-04_bs384_mlr9.770E-05_resume_d20b
/data/group-xiangyu/pretrain-playground/tensorboard_logs/llm-family-1b/D_N_93_resume_20b/step2v2_0603_lr_bs_1b_dense_exp_d80b_lr5.524E-03_bs512_mlr5.524E-04_resume_d20b/train_log_31.txt,0.005524,512,95367,2.101895,2.11127690257725,2048,8192,16,16,100000000000,1073741824,93.13225746154784,7247757312,step2v2_0603_lr_bs_1b_dense_exp_d80b_lr5.524E-03_bs512_mlr5.524E-04_resume_d20b
/data/group-xiangyu/pretrain-playground/tensorboard_logs/llm-family-1b/D_N_93_resume_20b/step2v2_0603_lr_bs_1b_dense_exp_d80b_lr1.220E-04_bs64_mlr1.220E-05_resume_d20b/train_log_31.txt,0.000122,64,762939,2.131311,2.126513344028976,2048,8192,16,16,100000000000,1073741824,93.13225746154784,7247757312,step2v2_0603_lr_bs_1b_dense_exp_d80b_lr1.220E-04_bs64_mlr1.220E-05_resume_d20b
/data/group-xiangyu/pretrain-playground/tensorboard_logs/llm-family-1b/D_N_93_resume_20b/step2v2_0603_lr_bs_1b_dense_exp_d80b_lr9.770E-04_bs1024_mlr9.770E-05_resume_d20b/train_log_31.txt,0.000977,1024,47683,2.089898,2.094605921279983,2048,8192,16,16,100000000000,1073741824,93.13225746154784,7247757312,step2v2_0603_lr_bs_1b_dense_exp_d80b_lr9.770E-04_bs1024_mlr9.770E-05_resume_d20b
/data/group-xiangyu/pretrain-playground/tensorboard_logs/llm-family-1b/D_N_93_resume_20b/step2v2_0603_lr_bs_1b_dense_exp_d80b_lr2.762E-03_bs256_mlr2.762E-04_resume_d20b/train_log_31.txt,0.002762,256,190734,2.086103,2.0915727232174586,2048,8192,16,16,100000000000,1073741824,93.13225746154784,7247757312,step2v2_0603_lr_bs_1b_dense_exp_d80b_lr2.762E-03_bs256_mlr2.762E-04_resume_d20b
/data/group-xiangyu/pretrain-playground/tensorboard_logs/llm-family-1b/D_N_93_resume_20b/step2v2_0603_lr_bs_1b_dense_exp_d80b_lr1.953E-03_bs1024_mlr1.953E-04_resume_d20b/train_log_31.txt,0.001953,1024,47683,2.079057,2.083663351212829,2048,8192,16,16,100000000000,1073741824,93.13225746154784,7247757312,step2v2_0603_lr_bs_1b_dense_exp_d80b_lr1.953E-03_bs1024_mlr1.953E-04_resume_d20b
/data/group-xiangyu/pretrain-playground/tensorboard_logs/llm-family-1b/D_N_93_resume_20b/step2v2_0603_lr_bs_1b_dense_exp_d80b_lr6.910E-04_bs64_mlr6.910E-05_resume_d20b/train_log_31.txt,0.000691,64,762939,2.118968,2.1140933847328425,2048,8192,16,16,100000000000,1073741824,93.13225746154784,7247757312,step2v2_0603_lr_bs_1b_dense_exp_d80b_lr6.910E-04_bs64_mlr6.910E-05_resume_d20b
/data/group-xiangyu/pretrain-playground/tensorboard_logs/llm-family-1b/D_N_93_resume_20b/step2v2_0603_lr_bs_1b_dense_exp_d80b_lr3.450E-04_bs2048_mlr3.450E-05_resume_d20b/train_log_31.txt,0.000345,2048,23841,2.142389,2.1423498324048653,2048,8192,16,16,100000000000,1073741824,93.13225746154784,7247757312,step2v2_0603_lr_bs_1b_dense_exp_d80b_lr3.450E-04_bs2048_mlr3.450E-05_resume_d20b
/data/group-xiangyu/pretrain-playground/tensorboard_logs/llm-family-1b/D_N_93_resume_20b/step2v2_0603_lr_bs_1b_dense_exp_d80b_lr2.440E-04_bs2048_mlr2.440E-05_resume_d20b/train_log_31.txt,0.000244,2048,23841,2.16091,2.160984316620117,2048,8192,16,16,100000000000,1073741824,93.13225746154784,7247757312,step2v2_0603_lr_bs_1b_dense_exp_d80b_lr2.440E-04_bs2048_mlr2.440E-05_resume_d20b
/data/group-xiangyu/pretrain-playground/tensorboard_logs/llm-family-1b/D_N_93_resume_20b/step2v2_0603_lr_bs_1b_dense_exp_d80b_lr3.450E-04_bs4096_mlr3.450E-05_resume_d20b/train_log_31.txt,0.000345,4096,11920,2.184323,2.1827105544431067,2048,8192,16,16,100000000000,1073741824,93.13225746154784,7247757312,step2v2_0603_lr_bs_1b_dense_exp_d80b_lr3.450E-04_bs4096_mlr3.450E-05_resume_d20b
/data/group-xiangyu/pretrain-playground/tensorboard_logs/llm-family-1b/D_N_93_resume_20b/step2v2_0603_lr_bs_1b_dense_exp_d80b_lr3.906E-03_bs384_mlr3.906E-04_resume_d20b/train_log_31.txt,0.003906,384,127156,2.09443,2.096341837773694,2048,8192,16,16,100000000000,1073741824,93.13225746154784,7247757312,step2v2_0603_lr_bs_1b_dense_exp_d80b_lr3.906E-03_bs384_mlr3.906E-04_resume_d20b
/data/group-xiangyu/pretrain-playground/tensorboard_logs/llm-family-1b/D_N_93_resume_20b/step2v2_0603_lr_bs_1b_dense_exp_d80b_lr9.770E-04_bs2048_mlr9.770E-05_resume_d20b/train_log_31.txt,0.000977,2048,23841,2.112192,2.1121662750605448,2048,8192,16,16,100000000000,1073741824,93.13225746154784,7247757312,step2v2_0603_lr_bs_1b_dense_exp_d80b_lr9.770E-04_bs2048_mlr9.770E-05_resume_d20b
/data/group-xiangyu/pretrain-playground/tensorboard_logs/llm-family-1b/D_N_93_resume_20b/step2v2_0603_lr_bs_1b_dense_exp_d80b_lr6.910E-04_bs256_mlr6.910E-05_resume_d20b/train_log_31.txt,0.000691,256,190734,2.078421,2.083659020061919,2048,8192,16,16,100000000000,1073741824,93.13225746154784,7247757312,step2v2_0603_lr_bs_1b_dense_exp_d80b_lr6.910E-04_bs256_mlr6.910E-05_resume_d20b
/data/group-xiangyu/pretrain-playground/tensorboard_logs/llm-family-1b/D_N_93_resume_20b/step2v2_0603_lr_bs_1b_dense_exp_d80b_lr1.381E-03_bs1024_mlr1.381E-04_resume_d20b/train_log_31.txt,0.001381,1024,47683,2.085441,2.09022921214587,2048,8192,16,16,100000000000,1073741824,93.13225746154784,7247757312,step2v2_0603_lr_bs_1b_dense_exp_d80b_lr1.381E-03_bs1024_mlr1.381E-04_resume_d20b
/data/group-xiangyu/pretrain-playground/tensorboard_logs/llm-family-1b/D_N_93_resume_20b/step2v2_0603_lr_bs_1b_dense_exp_d80b_lr5.524E-03_bs704_mlr5.524E-04_resume_d20b/train_log_31.txt,0.005524,704,69358,2.081984,2.092452344447456,2048,8192,16,16,100000000000,1073741824,93.13225746154784,7247757312,step2v2_0603_lr_bs_1b_dense_exp_d80b_lr5.524E-03_bs704_mlr5.524E-04_resume_d20b
/data/group-xiangyu/pretrain-playground/tensorboard_logs/llm-family-1b/D_N_93_resume_20b/step2v2_0603_lr_bs_1b_dense_exp_d80b_lr3.906E-03_bs1024_mlr3.906E-04_resume_d20b/train_log_31.txt,0.003906,1024,47683,2.081326,2.0860802913399654,2048,8192,16,16,100000000000,1073741824,93.13225746154784,7247757312,step2v2_0603_lr_bs_1b_dense_exp_d80b_lr3.906E-03_bs1024_mlr3.906E-04_resume_d20b
/data/group-xiangyu/pretrain-playground/tensorboard_logs/llm-family-1b/D_N_93_resume_20b/step2v2_0603_lr_bs_1b_dense_exp_d80b_lr1.953E-03_bs1472_mlr1.953E-04_resume_d20b/train_log_31.txt,0.001953,1472,33171,2.091571,2.097957234794449,2048,8192,16,16,100000000000,1073741824,93.13225746154784,7247757312,step2v2_0603_lr_bs_1b_dense_exp_d80b_lr1.953E-03_bs1472_mlr1.953E-04_resume_d20b
/data/group-xiangyu/pretrain-playground/tensorboard_logs/llm-family-1b/D_N_93_resume_20b/step2v2_0603_lr_bs_1b_dense_exp_d80b_lr4.880E-04_bs1024_mlr4.880E-05_resume_d20b/train_log_31.txt,0.000488,1024,47683,2.102718,2.1074597679679443,2048,8192,16,16,100000000000,1073741824,93.13225746154784,7247757312,step2v2_0603_lr_bs_1b_dense_exp_d80b_lr4.880E-04_bs1024_mlr4.880E-05_resume_d20b
/data/group-xiangyu/pretrain-playground/tensorboard_logs/llm-family-1b/D_N_93_resume_20b/step2v2_0603_lr_bs_1b_dense_exp_d80b_lr2.762E-03_bs128_mlr2.762E-04_resume_d20b/train_log_31.txt,0.002762,128,381469,2.12769,2.12284329904883,2048,8192,16,16,100000000000,1073741824,93.13225746154784,7247757312,step2v2_0603_lr_bs_1b_dense_exp_d80b_lr2.762E-03_bs128_mlr2.762E-04_resume_d20b
/data/group-xiangyu/pretrain-playground/tensorboard_logs/llm-family-1b/D_N_93_resume_20b/step2v2_0603_lr_bs_1b_dense_exp_d80b_lr5.524E-03_bs1024_mlr5.524E-04_resume_d20b/train_log_31.txt,0.005524,1024,47683,2.089927,2.094661952260143,2048,8192,16,16,100000000000,1073741824,93.13225746154784,7247757312,step2v2_0603_lr_bs_1b_dense_exp_d80b_lr5.524E-03_bs1024_mlr5.524E-04_resume_d20b
/data/group-xiangyu/pretrain-playground/tensorboard_logs/llm-family-1b/D_N_93_resume_20b/step2v2_0603_lr_bs_1b_dense_exp_d80b_lr1.953E-03_bs256_mlr1.953E-04_resume_d20b/train_log_31.txt,0.001953,256,190734,2.078502,2.083410867286154,2048,8192,16,16,100000000000,1073741824,93.13225746154784,7247757312,step2v2_0603_lr_bs_1b_dense_exp_d80b_lr1.953E-03_bs256_mlr1.953E-04_resume_d20b
/data/group-xiangyu/pretrain-playground/tensorboard_logs/llm-family-1b/D_N_93_resume_20b/step2v2_0603_lr_bs_1b_dense_exp_d80b_lr4.880E-04_bs128_mlr4.880E-05_resume_d20b/train_log_31.txt,0.000488,128,381469,2.097296,2.092269181493877,2048,8192,16,16,100000000000,1073741824,93.13225746154784,7247757312,step2v2_0603_lr_bs_1b_dense_exp_d80b_lr4.880E-04_bs128_mlr4.880E-05_resume_d20b
/data/group-xiangyu/pretrain-playground/tensorboard_logs/llm-family-1b/D_N_93_resume_20b/step2v2_0603_lr_bs_1b_dense_exp_d80b_lr1.953E-03_bs704_mlr1.953E-04_resume_d20b/train_log_31.txt,0.001953,704,69358,2.071144,2.0810618508739296,2048,8192,16,16,100000000000,1073741824,93.13225746154784,7247757312,step2v2_0603_lr_bs_1b_dense_exp_d80b_lr1.953E-03_bs704_mlr1.953E-04_resume_d20b
/data/group-xiangyu/pretrain-playground/tensorboard_logs/llm-family-1b/D_N_93_resume_20b/step2v2_0603_lr_bs_1b_dense_exp_d80b_lr6.910E-04_bs384_mlr6.910E-05_resume_d20b/train_log_31.txt,0.000691,384,127156,2.08383,2.0859915370079505,2048,8192,16,16,100000000000,1073741824,93.13225746154784,7247757312,step2v2_0603_lr_bs_1b_dense_exp_d80b_lr6.910E-04_bs384_mlr6.910E-05_resume_d20b
/data/group-xiangyu/pretrain-playground/tensorboard_logs/llm-family-1b/D_N_93_resume_20b/step2v2_0603_lr_bs_1b_dense_exp_d80b_lr2.440E-04_bs1024_mlr2.440E-05_resume_d20b/train_log_31.txt,0.000244,1024,47683,2.130837,2.135527365437288,2048,8192,16,16,100000000000,1073741824,93.13225746154784,7247757312,step2v2_0603_lr_bs_1b_dense_exp_d80b_lr2.440E-04_bs1024_mlr2.440E-05_resume_d20b
/data/group-xiangyu/pretrain-playground/tensorboard_logs/llm-family-1b/D_N_93_resume_20b/step2v2_0603_lr_bs_1b_dense_exp_d80b_lr1.953E-03_bs128_mlr1.953E-04_resume_d20b/train_log_31.txt,0.001953,128,381469,2.114993,2.10935516467482,2048,8192,16,16,100000000000,1073741824,93.13225746154784,7247757312,step2v2_0603_lr_bs_1b_dense_exp_d80b_lr1.953E-03_bs128_mlr1.953E-04_resume_d20b
/data/group-xiangyu/pretrain-playground/tensorboard_logs/llm-family-1b/D_N_93_resume_20b/step2v2_0603_lr_bs_1b_dense_exp_d80b_lr1.953E-03_bs512_mlr1.953E-04_resume_d20b/train_log_31.txt,0.001953,512,95367,2.06811,2.0774126592335294,2048,8192,16,16,100000000000,1073741824,93.13225746154784,7247757312,step2v2_0603_lr_bs_1b_dense_exp_d80b_lr1.953E-03_bs512_mlr1.953E-04_resume_d20b
/data/group-xiangyu/pretrain-playground/tensorboard_logs/llm-family-1b/D_N_93_resume_20b/step2v2_0603_lr_bs_1b_dense_exp_d80b_lr1.220E-04_bs4096_mlr1.220E-05_resume_d20b/train_log_31.txt,0.000122,4096,11920,2.295247,2.293419716198141,2048,8192,16,16,100000000000,1073741824,93.13225746154784,7247757312,step2v2_0603_lr_bs_1b_dense_exp_d80b_lr1.220E-04_bs4096_mlr1.220E-05_resume_d20b
/data/group-xiangyu/pretrain-playground/tensorboard_logs/llm-family-1b/D_N_93_resume_20b/step2v2_0603_lr_bs_1b_dense_exp_d80b_lr1.953E-03_bs384_mlr1.953E-04_resume_d20b/train_log_31.txt,0.001953,384,127156,2.075637,2.077551067151074,2048,8192,16,16,100000000000,1073741824,93.13225746154784,7247757312,step2v2_0603_lr_bs_1b_dense_exp_d80b_lr1.953E-03_bs384_mlr1.953E-04_resume_d20b
/data/group-xiangyu/pretrain-playground/tensorboard_logs/llm-family-1b/D_N_93_resume_20b/step2v2_0603_lr_bs_1b_dense_exp_d80b_lr5.524E-03_bs256_mlr5.524E-04_resume_d20b/train_log_31.txt,0.005524,256,190734,2.117854,2.1243955886665216,2048,8192,16,16,100000000000,1073741824,93.13225746154784,7247757312,step2v2_0603_lr_bs_1b_dense_exp_d80b_lr5.524E-03_bs256_mlr5.524E-04_resume_d20b
/data/group-xiangyu/pretrain-playground/tensorboard_logs/llm-family-1b/D_N_93_resume_20b/step2v2_0603_lr_bs_1b_dense_exp_d80b_lr1.220E-04_bs1472_mlr1.220E-05_resume_d20b/train_log_31.txt,0.000122,1472,33171,2.190905,2.197743081091873,2048,8192,16,16,100000000000,1073741824,93.13225746154784,7247757312,step2v2_0603_lr_bs_1b_dense_exp_d80b_lr1.220E-04_bs1472_mlr1.220E-05_resume_d20b
/data/group-xiangyu/pretrain-playground/tensorboard_logs/llm-family-1b/D_N_93_resume_20b/step2v2_0603_lr_bs_1b_dense_exp_d80b_lr4.880E-04_bs384_mlr4.880E-05_resume_d20b/train_log_31.txt,0.000488,384,127156,2.090544,2.092826240158251,2048,8192,16,16,100000000000,1073741824,93.13225746154784,7247757312,step2v2_0603_lr_bs_1b_dense_exp_d80b_lr4.880E-04_bs384_mlr4.880E-05_resume_d20b
/data/group-xiangyu/pretrain-playground/tensorboard_logs/llm-family-1b/D_N_93_resume_20b/step2v2_0603_lr_bs_1b_dense_exp_d80b_lr1.381E-03_bs704_mlr1.381E-04_resume_d20b/train_log_31.txt,0.001381,704,69358,2.072127,2.0821962397973066,2048,8192,16,16,100000000000,1073741824,93.13225746154784,7247757312,step2v2_0603_lr_bs_1b_dense_exp_d80b_lr1.381E-03_bs704_mlr1.381E-04_resume_d20b
/data/group-xiangyu/pretrain-playground/tensorboard_logs/llm-family-1b/D_N_93_resume_20b/step2v2_0603_lr_bs_1b_dense_exp_d80b_lr1.381E-03_bs64_mlr1.381E-04_resume_d20b/train_log_31.txt,0.001381,64,762939,2.14171,2.1369288806959617,2048,8192,16,16,100000000000,1073741824,93.13225746154784,7247757312,step2v2_0603_lr_bs_1b_dense_exp_d80b_lr1.381E-03_bs64_mlr1.381E-04_resume_d20b
/data/group-xiangyu/pretrain-playground/tensorboard_logs/llm-family-1b/D_N_93_resume_20b/step2v2_0603_lr_bs_1b_dense_exp_d80b_lr4.880E-04_bs64_mlr4.880E-05_resume_d20b/train_log_31.txt,0.000488,64,762939,2.114796,2.108882270902568,2048,8192,16,16,100000000000,1073741824,93.13225746154784,7247757312,step2v2_0603_lr_bs_1b_dense_exp_d80b_lr4.880E-04_bs64_mlr4.880E-05_resume_d20b
/data/group-xiangyu/pretrain-playground/tensorboard_logs/llm-family-1b/D_N_93_resume_20b/step2v2_0603_lr_bs_1b_dense_exp_d80b_lr1.220E-04_bs256_mlr1.220E-05_resume_d20b/train_log_31.txt,0.000122,256,190734,2.128974,2.134418774570181,2048,8192,16,16,100000000000,1073741824,93.13225746154784,7247757312,step2v2_0603_lr_bs_1b_dense_exp_d80b_lr1.220E-04_bs256_mlr1.220E-05_resume_d20b
/data/group-xiangyu/pretrain-playground/tensorboard_logs/llm-family-1b/D_N_93_resume_20b/step2v2_0603_lr_bs_1b_dense_exp_d80b_lr3.450E-04_bs1472_mlr3.450E-05_resume_d20b/train_log_31.txt,0.000345,1472,33171,2.12356,2.130013430173107,2048,8192,16,16,100000000000,1073741824,93.13225746154784,7247757312,step2v2_0603_lr_bs_1b_dense_exp_d80b_lr3.450E-04_bs1472_mlr3.450E-05_resume_d20b
/data/group-xiangyu/pretrain-playground/tensorboard_logs/llm-family-1b/D_N_93_resume_20b/step2v2_0603_lr_bs_1b_dense_exp_d80b_lr1.730E-04_bs1024_mlr1.730E-05_resume_d20b/train_log_31.txt,0.000173,1024,47683,2.148823,2.1538562986550835,2048,8192,16,16,100000000000,1073741824,93.13225746154784,7247757312,step2v2_0603_lr_bs_1b_dense_exp_d80b_lr1.730E-04_bs1024_mlr1.730E-05_resume_d20b
/data/group-xiangyu/pretrain-playground/tensorboard_logs/llm-family-1b/D_N_93_resume_20b/step2v2_0603_lr_bs_1b_dense_exp_d80b_lr2.762E-03_bs4096_mlr2.762E-04_resume_d20b/train_log_31.txt,0.002762,4096,11920,2.139837,2.1382452240093937,2048,8192,16,16,100000000000,1073741824,93.13225746154784,7247757312,step2v2_0603_lr_bs_1b_dense_exp_d80b_lr2.762E-03_bs4096_mlr2.762E-04_resume_d20b
/data/group-xiangyu/pretrain-playground/tensorboard_logs/llm-family-1b/D_N_93_resume_20b/step2v2_0603_lr_bs_1b_dense_exp_d80b_lr6.910E-04_bs1024_mlr6.910E-05_resume_d20b/train_log_31.txt,0.000691,1024,47683,2.092877,2.0976524201064666,2048,8192,16,16,100000000000,1073741824,93.13225746154784,7247757312,step2v2_0603_lr_bs_1b_dense_exp_d80b_lr6.910E-04_bs1024_mlr6.910E-05_resume_d20b
/data/group-xiangyu/pretrain-playground/tensorboard_logs/llm-family-1b/D_N_93_resume_20b/step2v2_0603_lr_bs_1b_dense_exp_d80b_lr3.906E-03_bs512_mlr3.906E-04_resume_d20b/train_log_31.txt,0.003906,512,95367,2.081227,2.090203772981996,2048,8192,16,16,100000000000,1073741824,93.13225746154784,7247757312,step2v2_0603_lr_bs_1b_dense_exp_d80b_lr3.906E-03_bs512_mlr3.906E-04_resume_d20b
/data/group-xiangyu/pretrain-playground/tensorboard_logs/llm-family-1b/D_N_93_resume_20b/step2v2_0603_lr_bs_1b_dense_exp_d80b_lr3.906E-03_bs704_mlr3.906E-04_resume_d20b/train_log_31.txt,0.003906,704,69358,2.078561,2.088523165525267,2048,8192,16,16,100000000000,1073741824,93.13225746154784,7247757312,step2v2_0603_lr_bs_1b_dense_exp_d80b_lr3.906E-03_bs704_mlr3.906E-04_resume_d20b
/data/group-xiangyu/pretrain-playground/tensorboard_logs/llm-family-1b/D_N_93_resume_20b/step2v2_0603_lr_bs_1b_dense_exp_d80b_lr6.910E-04_bs512_mlr6.910E-05_resume_d20b/train_log_31.txt,0.000691,512,95367,2.079305,2.088517980578036,2048,8192,16,16,100000000000,1073741824,93.13225746154784,7247757312,step2v2_0603_lr_bs_1b_dense_exp_d80b_lr6.910E-04_bs512_mlr6.910E-05_resume_d20b
/data/group-xiangyu/pretrain-playground/tensorboard_logs/llm-family-1b/D_N_93_resume_20b/step2v2_0603_lr_bs_1b_dense_exp_d80b_lr2.440E-04_bs704_mlr2.440E-05_resume_d20b/train_log_31.txt,0.000244,704,69358,2.11525,2.125148339519676,2048,8192,16,16,100000000000,1073741824,93.13225746154784,7247757312,step2v2_0603_lr_bs_1b_dense_exp_d80b_lr2.440E-04_bs704_mlr2.440E-05_resume_d20b
/data/group-xiangyu/pretrain-playground/tensorboard_logs/llm-family-1b/D_N_93_resume_20b/step2v2_0603_lr_bs_1b_dense_exp_d80b_lr1.220E-04_bs2048_mlr1.220E-05_resume_d20b/train_log_31.txt,0.000122,2048,23841,2.221142,2.2212772894978188,2048,8192,16,16,100000000000,1073741824,93.13225746154784,7247757312,step2v2_0603_lr_bs_1b_dense_exp_d80b_lr1.220E-04_bs2048_mlr1.220E-05_resume_d20b
/data/group-xiangyu/pretrain-playground/tensorboard_logs/llm-family-1b/D_N_93_resume_20b/step2v2_0603_lr_bs_1b_dense_exp_d80b_lr1.381E-03_bs1472_mlr1.381E-04_resume_d20b/train_log_31.txt,0.001381,1472,33171,2.090867,2.0972589989431527,2048,8192,16,16,100000000000,1073741824,93.13225746154784,7247757312,step2v2_0603_lr_bs_1b_dense_exp_d80b_lr1.381E-03_bs1472_mlr1.381E-04_resume_d20b
